timestamp,open,high,low,close,volume
2023-01-02 00:00:00+00:00,3.984248278676928,4.000283919205673,3.9799686122672386,3.9966225285457786,100379
2023-01-03 00:00:00+00:00,3.967743966859805,3.996950853308402,3.9517731358509693,3.970535123104954,100007
2023-01-04 00:00:00+00:00,3.9567207132920377,3.9659558052280977,3.939362690240842,3.948553314967898,100058
2023-01-05 00:00:00+00:00,3.9325740085835506,3.9475333410924813,3.9203640958207013,3.9340868877620156,100130
2023-01-06 00:00:00+00:00,3.880978412839132,3.8960435110775,3.88097175697304,3.888057926147453,99882
2023-01-09 00:00:00+00:00,3.9022828436486567,3.9172817454991002,3.8983039318955512,3.9144175315650895,100141
2023-01-10 00:00:00+00:00,3.9049470596320477,3.91569225930247,3.8985446510334407,3.912370403243503,100096
2023-01-11 00:00:00+00:00,3.8871310303654463,3.9004114618675563,3.886903702897088,3.9003054952832303,99759
2023-01-12 00:00:00+00:00,3.857449254691107,3.867519239419512,3.830361719793493,3.8569982909269163,100434
2023-01-13 00:00:00+00:00,3.819076628980078,3.836872539069214,3.802567116437356,3.8122427250099045,100148
2023-01-16 00:00:00+00:00,3.876244059599807,3.9011789853761636,3.8552200928183726,3.8860444675710144,99899
2023-01-17 00:00:00+00:00,3.8636594975233383,3.882414938444326,3.8493307279914597,3.861668963638056,100192
2023-01-18 00:00:00+00:00,3.891813720161397,3.8997929178327877,3.8742852848126987,3.885245549151435,99688
2023-01-19 00:00:00+00:00,3.8915432183984784,3.8919084455945616,3.8863961088641354,3.891564297654617,100379
2023-01-20 00:00:00+00:00,3.771377717793266,3.8018943592427705,3.7547020512484637,3.7835660543095035,99848
2023-01-23 00:00:00+00:00,3.8543595136736406,3.862233586681133,3.8513603824662606,3.8513846151939664,99434
2023-01-24 00:00:00+00:00,3.877307507969012,3.887866263341145,3.863008175993678,3.8777313203075563,99586
2023-01-25 00:00:00+00:00,3.8467586860611007,3.8549069166984946,3.8443511855598045,3.847963134297425,99484
2023-01-26 00:00:00+00:00,3.8426643763215886,3.852905857548542,3.830791326376454,3.8468716016644855,100091
2023-01-27 00:00:00+00:00,3.803324039894666,3.8120196389034864,3.795033799908446,3.8026639930527826,100175
2023-01-30 00:00:00+00:00,3.876057162666343,3.8778638664179446,3.868577180772055,3.87210902162098,99709
2023-01-31 00:00:00+00:00,3.8553091850027754,3.8738361272854536,3.8262661719691042,3.836963525614724,100072
2023-02-01 00:00:00+00:00,3.8177505024205103,3.823260634982216,3.807985434752052,3.816892983453222,99740
2023-02-02 00:00:00+00:00,3.800497985849829,3.817795230723745,3.7881991794917504,3.789046417851401,100140
2023-02-03 00:00:00+00:00,3.794805311037282,3.8054174202025175,3.789645723867197,3.7920920306357173,99796
2023-02-06 00:00:00+00:00,3.8432905085628826,3.85809226819626,3.82687219825882,3.844055693431987,99547
2023-02-07 00:00:00+00:00,3.9140027293083435,3.9278620366507524,3.9081873087519994,3.9128402438192462,99225
2023-02-08 00:00:00+00:00,3.8877053913435327,3.9016045126589183,3.883250852327035,3.897228162116829,99513
2023-02-09 00:00:00+00:00,3.9143628099722227,3.917599951789447,3.903516853764922,3.9119697777014593,100476
2023-02-10 00:00:00+00:00,3.8995753304201797,3.9214102907346606,3.8904445037887943,3.915173892688832,100117
2023-02-13 00:00:00+00:00,3.870053512920073,3.885731227749068,3.863731302389219,3.876742183039103,99897
2023-02-14 00:00:00+00:00,3.9715307157116104,3.9758466777990757,3.963342704775364,3.970658416907029,99735
2023-02-15 00:00:00+00:00,4.034379949715508,4.05269991787227,4.014663280140906,4.0247689441695504,99591
2023-02-16 00:00:00+00:00,4.043918063771334,4.046980707585984,4.016366683487851,4.032380420157223,100151
2023-02-17 00:00:00+00:00,4.094229813112987,4.0967677434485745,4.084414271338134,4.096167682022624,100046
2023-02-20 00:00:00+00:00,4.147108756670166,4.158721755196675,4.14143029884732,4.145817605460597,99849
2023-02-21 00:00:00+00:00,4.157380083366121,4.176944904265704,4.146876137330729,4.14921142735123,100034
2023-02-22 00:00:00+00:00,4.151667684081661,4.170315611795531,4.139002259803021,4.162736346512506,99747
2023-02-23 00:00:00+00:00,4.22910283968031,4.23788045009414,4.214261220029764,4.225682171046336,99830
2023-02-24 00:00:00+00:00,4.17877010430278,4.191820305107231,4.171071157373798,4.185700727857823,99518
2023-02-27 00:00:00+00:00,4.2542939204865915,4.255773393021955,4.232596100459024,4.25575641155769,99935
2023-02-28 00:00:00+00:00,4.242277982148283,4.254167973967415,4.205599076643809,4.246176169323111,99920
2023-03-01 00:00:00+00:00,4.31467021501677,4.316647831602891,4.2995998956619355,4.310916629837116,99387
2023-03-02 00:00:00+00:00,4.31543569411488,4.3361743935899595,4.292897966155609,4.310691315577917,100028
2023-03-03 00:00:00+00:00,4.332952743948112,4.335601749672372,4.3089243986080605,4.32524447769091,99786
2023-03-06 00:00:00+00:00,4.326771614114164,4.333320968679608,4.314439415106846,4.323760557392873,99419
2023-03-07 00:00:00+00:00,4.302241397624749,4.310427524569902,4.295933584927255,4.3007649126027525,100054
2023-03-08 00:00:00+00:00,4.305054860469118,4.3213879881281265,4.283168239866274,4.289150486298597,99799
2023-03-09 00:00:00+00:00,4.335045900585971,4.360360018153948,4.317704431918449,4.348302649754202,100146
2023-03-10 00:00:00+00:00,4.262080597900576,4.278711813486866,4.235584805449362,4.247675795975997,99743
2023-03-13 00:00:00+00:00,4.192616905467157,4.203085220430068,4.180276153281665,4.195048539418137,100034
2023-03-14 00:00:00+00:00,4.1693697359980595,4.177478412410306,4.15831915263891,4.164614649070818,99287
2023-03-15 00:00:00+00:00,4.117022499764153,4.125595903220839,4.113649560839146,4.119705743877534,99677
2023-03-16 00:00:00+00:00,4.1760365254297485,4.193295746935763,4.15930966237845,4.1819124606192,100142
2023-03-17 00:00:00+00:00,4.238611302298434,4.24056218073826,4.233228125352006,4.234507410870382,100073
2023-03-20 00:00:00+00:00,4.268455093349696,4.283816677833055,4.230136826294809,4.259577041713907,99894
2023-03-21 00:00:00+00:00,4.236413212606508,4.247810544090213,4.2217080282740325,4.232409286084517,99931
2023-03-22 00:00:00+00:00,4.284263969137002,4.298289614759935,4.280940559745348,4.288914145268757,100261
2023-03-23 00:00:00+00:00,4.251286193368579,4.27545484329785,4.203766742339112,4.220800616227488,100562
2023-03-24 00:00:00+00:00,4.3215440369335925,4.336161372585125,4.290303185370201,4.311209432702338,99184
2023-03-27 00:00:00+00:00,4.289686179863903,4.291103160830654,4.25862172808544,4.281693608307329,99933
2023-03-28 00:00:00+00:00,4.267459413777154,4.285021664042246,4.260670233448279,4.27047406296223,99790
2023-03-29 00:00:00+00:00,4.246822461469733,4.2707082408814125,4.239749313654316,4.25213904518593,100165
2023-03-30 00:00:00+00:00,4.204154734637626,4.215359454784163,4.188519435596644,4.206509025834255,99654
2023-03-31 00:00:00+00:00,4.296762120657242,4.299992071795849,4.287002229879268,4.287489083150182,100166
2023-04-03 00:00:00+00:00,4.312751431811918,4.332011610968375,4.291573736952295,4.321312854322625,100170
2023-04-04 00:00:00+00:00,4.364492839917739,4.400319762742999,4.327223898947737,4.373837139098023,99972
2023-04-05 00:00:00+00:00,4.324977869524384,4.342681395188323,4.306475150288135,4.3203158380168984,99194
2023-04-06 00:00:00+00:00,4.330895972896227,4.336723069098992,4.3201264194715385,4.328132923613915,99628
2023-04-07 00:00:00+00:00,4.343980956693633,4.362408354626317,4.33558504695161,4.350683737858342,100161
2023-04-10 00:00:00+00:00,4.352942826338392,4.366998712509047,4.352062555717484,4.362463497897616,99995
2023-04-11 00:00:00+00:00,4.324242600761598,4.326061443699903,4.310632569756703,4.311842629655479,100354
2023-04-12 00:00:00+00:00,4.361328303200977,4.387627474284856,4.3449532908848285,4.358216498048543,99757
2023-04-13 00:00:00+00:00,4.351614298383166,4.380140029541296,4.344695084076252,4.363513913809878,99756
2023-04-14 00:00:00+00:00,4.310662229913403,4.324744051455213,4.29863643137214,4.321843925242715,100042
2023-04-17 00:00:00+00:00,4.238596068663549,4.243182480998296,4.2230195586323145,4.241662892501025,99308
2023-04-18 00:00:00+00:00,4.273650292750236,4.288169033816799,4.259794989844791,4.267395640884955,100280
2023-04-19 00:00:00+00:00,4.3771689989057965,4.393550510859716,4.370988985159386,4.371966282065098,100094
2023-04-20 00:00:00+00:00,4.337374565701583,4.352398236822944,4.320145291047896,4.327579707557174,100365
2023-04-21 00:00:00+00:00,4.322034738023336,4.338169266752355,4.3178401686980425,4.334955939522975,100071
2023-04-24 00:00:00+00:00,4.385057790121783,4.398258698251997,4.37395787332425,4.383095507281197,99698
2023-04-25 00:00:00+00:00,4.33978653416668,4.3526616772441065,4.320944473576686,4.327445435847617,99800
2023-04-26 00:00:00+00:00,4.31815545785053,4.335839009731353,4.289440684052996,4.306675568549805,100014
2023-04-27 00:00:00+00:00,4.272696147148414,4.297656256242813,4.262414104142104,4.269631320552618,100308
2023-04-28 00:00:00+00:00,4.331921162944097,4.33228503841124,4.308234614559278,4.311673385121028,99983
2023-05-01 00:00:00+00:00,4.374149309772777,4.388070708177229,4.364518020880632,4.368825588957639,99987
2023-05-02 00:00:00+00:00,4.3848992523743995,4.4011041108808335,4.367558021149208,4.375773605986962,99978
2023-05-03 00:00:00+00:00,4.339326942577934,4.355958777682916,4.332997206514512,4.338941228763318,100291
2023-05-04 00:00:00+00:00,4.31298158728647,4.3215477792680534,4.312609868321503,4.3197287902003385,100431
2023-05-05 00:00:00+00:00,4.284979305685266,4.292575281325283,4.2542373301727245,4.292492964358636,100067
2023-05-08 00:00:00+00:00,4.252087694069158,4.267853442463575,4.23415831954356,4.2505437672306,100011
2023-05-09 00:00:00+00:00,4.244410426415434,4.250747343574035,4.236943439582293,4.246206588845517,100377
2023-05-10 00:00:00+00:00,4.255509012243955,4.288140684665939,4.243159511923731,4.270614908903165,100071
2023-05-11 00:00:00+00:00,4.282747423566465,4.29913897430088,4.280915440341141,4.291551916416937,100383
2023-05-12 00:00:00+00:00,4.288465954262181,4.291901431862136,4.278714972880256,4.291198620217488,99714
2023-05-15 00:00:00+00:00,4.299892275371866,4.304773545408393,4.291460291166847,4.2936469136761195,100632
2023-05-16 00:00:00+00:00,4.290007491861775,4.306723957490035,4.272323353165621,4.290145410479669,100153
2023-05-17 00:00:00+00:00,4.233882838356585,4.238306169666397,4.221085789593214,4.234493149167914,99818
2023-05-18 00:00:00+00:00,4.232902516580219,4.246550974213488,4.215855011047386,4.241274050410081,99940
2023-05-19 00:00:00+00:00,4.216716250423678,4.22073554045623,4.201708296375844,4.21652088990264,100252
2023-05-22 00:00:00+00:00,4.1706840367655085,4.1727737744110645,4.144606526843895,4.159709881608095,100189
2023-05-23 00:00:00+00:00,4.176429250405209,4.186353199340418,4.167230827198324,4.175130157715073,99837
2023-05-24 00:00:00+00:00,4.137080166859532,4.155622013883977,4.136545987909415,4.149589632480761,100466
2023-05-25 00:00:00+00:00,4.148630217644596,4.182253065857336,4.141080764162605,4.159040485584886,99800
2023-05-26 00:00:00+00:00,4.199233192895424,4.211718683209381,4.170529812593253,4.194294085484751,99719
2023-05-29 00:00:00+00:00,4.152574469412094,4.166104346913574,4.1399820322800505,4.15443827900577,99623
2023-05-30 00:00:00+00:00,4.157645152030472,4.172073965460685,4.148812915010275,4.15826540081132,99732
2023-05-31 00:00:00+00:00,4.07797964581132,4.083511344901598,4.068023161418423,4.082983212511955,99960
2023-06-01 00:00:00+00:00,4.149730128644488,4.153493151808313,4.142935744858841,4.145556281327723,100261
2023-06-02 00:00:00+00:00,4.086754380095352,4.095727528037483,4.07673792725871,4.089215414798529,100337
2023-06-05 00:00:00+00:00,4.066644983674376,4.074737799243711,4.055112872212269,4.068163329805362,100165
2023-06-06 00:00:00+00:00,4.1155922847509325,4.127446958237925,4.113682979689022,4.1226108102637715,100483
2023-06-07 00:00:00+00:00,4.120524069094781,4.138034734928115,4.10402959311921,4.11294234276061,99881
2023-06-08 00:00:00+00:00,4.061896834283213,4.063726715095087,4.056522285369432,4.063694066309529,99575
2023-06-09 00:00:00+00:00,4.0976468895800355,4.109545999335085,4.086691976102619,4.092671180938399,99896
2023-06-12 00:00:00+00:00,4.111094983705118,4.132773285426339,4.102783035497722,4.120932404011884,100061
2023-06-13 00:00:00+00:00,4.109039168341382,4.112131847103245,4.084208161214117,4.094839222975206,99974
2023-06-14 00:00:00+00:00,4.083750694494178,4.086664752004012,4.0566986299205166,4.073344325910491,100784
2023-06-15 00:00:00+00:00,4.040117835530895,4.061497121660651,4.033937312813712,4.055608619311314,99386
2023-06-16 00:00:00+00:00,4.040721314910605,4.048720026492159,4.017705915689209,4.047212537717692,100084
2023-06-19 00:00:00+00:00,3.9743929651591077,3.984430771729427,3.961701907603582,3.9705999749571426,99612
2023-06-20 00:00:00+00:00,3.9529351436712665,3.9684371013825683,3.95041738351889,3.963396359173021,99814
2023-06-21 00:00:00+00:00,4.033038222194149,4.0429819228022055,4.027825753352803,4.034099949554583,99898
2023-06-22 00:00:00+00:00,4.001366935455838,4.015124738882485,3.9802565310997315,3.9979556255582627,99472
2023-06-23 00:00:00+00:00,3.973159377119177,3.980181399780406,3.95646041651881,3.974627810613366,99855
2023-06-26 00:00:00+00:00,3.9318160817100822,3.9388634239286096,3.9135108137203964,3.92758341380063,99589
2023-06-27 00:00:00+00:00,3.9461470223222013,3.962002940149484,3.9369774002906346,3.9516265840873364,100250
2023-06-28 00:00:00+00:00,3.9812227127548834,4.001486956262912,3.979813955056891,3.999172450750727,99772
2023-06-29 00:00:00+00:00,4.054323411077965,4.0593249072746405,4.044075726824274,4.046375396606415,99868
2023-06-30 00:00:00+00:00,4.003674672296489,4.019554662644331,3.99263762416719,3.995876203190379,100384
2023-07-03 00:00:00+00:00,4.035955706724849,4.042320085062287,4.008160171247956,4.015847262014821,99922
2023-07-04 00:00:00+00:00,4.055442858348449,4.089540321841877,4.039685076091132,4.07342447350795,100129
2023-07-05 00:00:00+00:00,4.100333306712331,4.1318872665823045,4.094030297430073,4.094185215269856,100018
2023-07-06 00:00:00+00:00,4.097574774117605,4.1185414484862,4.081972583740979,4.113772193793737,100119
2023-07-07 00:00:00+00:00,4.108753358957631,4.109380514776415,4.089653667266317,4.094369892539752,99860
2023-07-10 00:00:00+00:00,4.107385810866078,4.118719862049499,4.101802130732201,4.103382002895682,99782
2023-07-11 00:00:00+00:00,4.146204020843303,4.177527811585993,4.135036569239714,4.154112860580281,99873
2023-07-12 00:00:00+00:00,4.1742505713522915,4.176466588100289,4.160187325411156,4.167747031547358,99915
2023-07-13 00:00:00+00:00,4.111169738339076,4.1447421254173875,4.1045370662324405,4.1157220974573745,99427
2023-07-14 00:00:00+00:00,4.09941427058922,4.115043027957705,4.096664688546161,4.096952689495172,100068
2023-07-17 00:00:00+00:00,4.148204330782647,4.162099540992852,4.135631341734252,4.1464963000871995,99929
2023-07-18 00:00:00+00:00,4.174473115383466,4.177548902454078,4.142879870229172,4.159961769850338,99793
2023-07-19 00:00:00+00:00,4.180032730016937,4.184541185748451,4.158600429983357,4.1649147067876395,100469
2023-07-20 00:00:00+00:00,4.136892876621808,4.171956756287604,4.131133545696219,4.1418404323655595,100266
2023-07-21 00:00:00+00:00,4.1999395038926055,4.209546998823465,4.186991154517111,4.191070313803701,100022
2023-07-24 00:00:00+00:00,4.263766960240056,4.271177479777908,4.235158593979844,4.260743194683962,99795
2023-07-25 00:00:00+00:00,4.302374223658311,4.323647382846018,4.299838371275953,4.314564439278941,99800
2023-07-26 00:00:00+00:00,4.370711471298422,4.38105048328163,4.360815825403049,4.376805984381841,99680
2023-07-27 00:00:00+00:00,4.381482470218717,4.386175096955675,4.351700329589611,4.361106108169636,99920
2023-07-28 00:00:00+00:00,4.342398873453721,4.351747653412105,4.323931793863011,4.339293203112886,99759
2023-07-31 00:00:00+00:00,4.341172035533676,4.341352698689092,4.308523365458786,4.332508927625841,99352
2023-08-01 00:00:00+00:00,4.332342040293063,4.341439143749519,4.321671714593146,4.334180116778136,99991
2023-08-02 00:00:00+00:00,4.391455702925988,4.397526211820234,4.377180667607353,4.3962030915554875,99900
2023-08-03 00:00:00+00:00,4.447700355936523,4.4675439198218685,4.425253689852333,4.447457840440034,99935
2023-08-04 00:00:00+00:00,4.469026320862369,4.474277457047021,4.4552684830195295,4.471406039421854,100003
2023-08-07 00:00:00+00:00,4.394249106558245,4.421907346516625,4.38081026151596,4.40741186793837,100438
2023-08-08 00:00:00+00:00,4.324318946734531,4.341352019059565,4.314297110864174,4.333013792826215,99890
2023-08-09 00:00:00+00:00,4.34958237475388,4.351453549994537,4.317706403722242,4.343433076725081,99552
2023-08-10 00:00:00+00:00,4.378330600513305,4.40275126886178,4.356529990148832,4.381666719959382,100331
2023-08-11 00:00:00+00:00,4.378405438273052,4.389207937072426,4.361679616445916,4.378180357053902,99797
2023-08-14 00:00:00+00:00,4.464114791862098,4.47173455884127,4.455864785333323,4.462018329947207,100019
2023-08-15 00:00:00+00:00,4.416483042442972,4.435206870366641,4.410538333185052,4.413719612162852,100547
2023-08-16 00:00:00+00:00,4.37038540054928,4.393695294331253,4.348695121011358,4.360386345184013,100274
2023-08-17 00:00:00+00:00,4.321903299745499,4.347071522484136,4.306880513880339,4.33142112827938,99772
2023-08-18 00:00:00+00:00,4.3059069942460475,4.312295157141409,4.2815182140326105,4.301001678403897,99780
2023-08-21 00:00:00+00:00,4.330166175023403,4.340392421311496,4.320226072647832,4.323637242449111,99699
2023-08-22 00:00:00+00:00,4.313892932057322,4.3165063734224205,4.297845788295677,4.3054039517669835,100362
2023-08-23 00:00:00+00:00,4.226785121222158,4.257169516483822,4.225045057218554,4.238763167380044,99577
2023-08-24 00:00:00+00:00,4.278734563449316,4.304434475282413,4.272841456526435,4.276555066610732,100056
2023-08-25 00:00:00+00:00,4.215709217925518,4.221518487875274,4.189531582777282,4.201289753346381,100069
2023-08-28 00:00:00+00:00,4.155460825698345,4.157956206447771,4.14304058112147,4.156284771907053,100244
2023-08-29 00:00:00+00:00,4.092794331219287,4.093953744844928,4.08559184939639,4.08884046581449,100009
2023-08-30 00:00:00+00:00,4.103704368697512,4.111272509953448,4.088753622421956,4.097309324404676,100523
2023-08-31 00:00:00+00:00,4.096513306140561,4.120620669800556,4.0775284574862996,4.104932274662488,100161
2023-09-01 00:00:00+00:00,4.198945410119864,4.217779439539302,4.159153828169084,4.183601426615052,99772
2023-09-04 00:00:00+00:00,4.22604990882703,4.240480966602013,4.220947482597991,4.2218322916383455,100360
2023-09-05 00:00:00+00:00,4.28714592116912,4.293404759232562,4.268066841711744,4.282696175737858,100471
2023-09-06 00:00:00+00:00,4.280779447416039,4.310024473526573,4.24648824738506,4.295056450236828,99931
2023-09-07 00:00:00+00:00,4.259855228722744,4.275194802786051,4.233290649189571,4.253096677040662,99912
2023-09-08 00:00:00+00:00,4.262858359878529,4.264435891900104,4.2492715920164805,4.258545217204084,99984
2023-09-11 00:00:00+00:00,4.2976890699762205,4.311272207927135,4.280675312922193,4.283773733679888,100009
2023-09-12 00:00:00+00:00,4.311237700967011,4.315645597479723,4.305532582117805,4.31392324945648,100225
2023-09-13 00:00:00+00:00,4.285062643637944,4.302558346415869,4.283090113169538,4.293543752138534,100355
2023-09-14 00:00:00+00:00,4.308642932006598,4.325683034973493,4.306103589610563,4.314530013244918,100632
2023-09-15 00:00:00+00:00,4.269957410486272,4.301231730756417,4.24961926642051,4.2742742414110015,99434
2023-09-18 00:00:00+00:00,4.220216966662903,4.231452619078262,4.2153524908,4.229681695939515,100091
2023-09-19 00:00:00+00:00,4.1932797107207005,4.208969160188723,4.168849418231204,4.182487554235952,99656
2023-09-20 00:00:00+00:00,4.194626427719028,4.196743567298588,4.160757559614262,4.183517533142448,100057
2023-09-21 00:00:00+00:00,4.132623641955377,4.140594040287363,4.126092887184588,4.1342425427161045,100417
2023-09-22 00:00:00+00:00,4.113448843593955,4.119232963835556,4.089727748523611,4.116682579452257,100281
2023-09-25 00:00:00+00:00,4.138770298617509,4.15571797624015,4.128047201148804,4.1538527878313065,99261
2023-09-26 00:00:00+00:00,4.116826594565442,4.119217996363961,4.094779952393347,4.111104256008051,99857
2023-09-27 00:00:00+00:00,4.103897831007399,4.112857780464058,4.082451873403959,4.090371462535095,100161
2023-09-28 00:00:00+00:00,4.08808498772117,4.108561641732098,4.076017597770675,4.093301447838597,99525
2023-09-29 00:00:00+00:00,4.102448844008663,4.12614917749085,4.10235737824068,4.103407272953541,100154
2023-10-02 00:00:00+00:00,4.086465700556137,4.089243571057874,4.081991939127349,4.0829193465372535,100161
2023-10-03 00:00:00+00:00,4.129238330987257,4.139597321991321,4.095075924596102,4.115046208513818,100172
2023-10-04 00:00:00+00:00,4.140997478378328,4.146920420197559,4.129250087852177,4.139343593530342,100379
2023-10-05 00:00:00+00:00,4.188162519776013,4.200410829249696,4.158829951800677,4.186526174858422,99900
2023-10-06 00:00:00+00:00,4.184610106927385,4.194756683703893,4.180118412297974,4.1831098889364435,100324
2023-10-09 00:00:00+00:00,4.1497971184138835,4.174227893878488,4.147611053412996,4.161658114605749,100583
2023-10-10 00:00:00+00:00,4.121289410743791,4.140679575230333,4.0988750749449405,4.1332493036687845,100550
2023-10-11 00:00:00+00:00,4.139239718214259,4.155142553491229,4.134319379414667,4.145939516415671,100268
2023-10-12 00:00:00+00:00,4.138669955458983,4.141837566238264,4.129170084428558,4.130302865777652,99776
2023-10-13 00:00:00+00:00,4.1040399450401095,4.110050724864577,4.091841061542546,4.106794430138962,100646
2023-10-16 00:00:00+00:00,4.084053744095785,4.117432901000184,4.079143864479588,4.088384193739913,100161
2023-10-17 00:00:00+00:00,4.055988769139166,4.064248106611944,4.046905129934936,4.060432300011989,100418
2023-10-18 00:00:00+00:00,4.06739329984428,4.078413868481204,4.039892558614323,4.06851341755845,100055
2023-10-19 00:00:00+00:00,4.02469673502431,4.042326721001461,3.9997732782485995,4.011042281242471,100241
2023-10-20 00:00:00+00:00,4.021979799299204,4.026525821792163,4.010565085847364,4.023196392852695,99546
2023-10-23 00:00:00+00:00,4.0440456161292735,4.051862319523862,4.042121863280252,4.050415278177116,99886
2023-10-24 00:00:00+00:00,4.027090583420921,4.053798645169504,4.019512520976082,4.02688726081664,100104
2023-10-25 00:00:00+00:00,4.118692249950094,4.1275126867428735,4.0777141429417885,4.104285521485846,99844
2023-10-26 00:00:00+00:00,4.100880550658667,4.108670654771748,4.087868920929226,4.105008750400964,100028
2023-10-27 00:00:00+00:00,4.031370801469684,4.047369097134377,4.014431222999968,4.0409154843209425,100104
2023-10-30 00:00:00+00:00,4.025513156730796,4.041260052120284,4.022859301494506,4.02955069617023,99579
2023-10-31 00:00:00+00:00,4.033113827496924,4.051968914273037,4.022316535927748,4.032075457294684,99296
2023-11-01 00:00:00+00:00,4.055753164860641,4.06398897378087,4.041113631087741,4.050178167914047,100109
2023-11-02 00:00:00+00:00,4.047886892473393,4.058984859391059,4.0128684102792365,4.0397517730289625,100218
2023-11-03 00:00:00+00:00,3.9905234347801355,4.010361608404013,3.990385131071564,3.9988868448807606,100506
2023-11-06 00:00:00+00:00,3.9475784325876804,3.9736791638526276,3.9444729341707947,3.9550998089890745,100244
2023-11-07 00:00:00+00:00,3.926708948893297,3.9329571739727403,3.9133623232233243,3.9292493049093005,100475
2023-11-08 00:00:00+00:00,3.912682004612879,3.920531871228029,3.9019451845157795,3.907332920354577,100483
2023-11-09 00:00:00+00:00,3.85325091618796,3.8792814256135215,3.8334081345534745,3.8629857011719486,100155
2023-11-10 00:00:00+00:00,3.830019428188814,3.8394383809701704,3.7993064605257274,3.8346772335422066,100231
2023-11-13 00:00:00+00:00,3.855389398942131,3.8704448904886255,3.8492076327752422,3.8599653394435363,99837
2023-11-14 00:00:00+00:00,3.930983574116755,3.9418419390153923,3.908929854699067,3.9235934947515605,100358
2023-11-15 00:00:00+00:00,3.957411418995507,3.9635026271924367,3.952383477623302,3.9532347414123397,100716
2023-11-16 00:00:00+00:00,4.012097023857725,4.025968180919708,4.0009462940596,4.0048584955460615,99923
2023-11-17 00:00:00+00:00,4.054697442681205,4.063506937608581,4.036522721025977,4.043870561777802,100391
2023-11-20 00:00:00+00:00,4.075068659886966,4.082218225108414,4.066639296886261,4.077561273869145,99866
2023-11-21 00:00:00+00:00,4.05413669186297,4.06467014164351,4.034236783921503,4.063787424262142,99679
2023-11-22 00:00:00+00:00,4.059901847472256,4.0818001534768085,4.027487769939304,4.069513742817448,99889
2023-11-23 00:00:00+00:00,4.037499099247416,4.060794552685121,4.028540344396508,4.052396580871252,100422
2023-11-24 00:00:00+00:00,4.039807426317487,4.044140902692543,4.017739466587583,4.0435174897164,99792
2023-11-27 00:00:00+00:00,4.043164498513779,4.0494378082097375,4.036381729003895,4.046273838342765,100024
2023-11-28 00:00:00+00:00,4.0815654701536985,4.1032796519357335,4.055457794291887,4.075146678853376,100187
2023-11-29 00:00:00+00:00,4.092536166983875,4.10839880802161,4.082407898659793,4.0923977275759995,99830
2023-11-30 00:00:00+00:00,4.081768287064576,4.091255238841182,4.062098077852651,4.085775030493847,99774
2023-12-01 00:00:00+00:00,4.087095802657781,4.107112985468154,4.084331045782862,4.08804421850145,99893
2023-12-04 00:00:00+00:00,4.097232844478912,4.108179940827098,4.089740139231532,4.105764405173622,99722
2023-12-05 00:00:00+00:00,4.141642399701691,4.16680640855131,4.131734701133779,4.13316604845351,100398
2023-12-06 00:00:00+00:00,4.063985500678629,4.0777873395035655,4.0599554105966424,4.070383456088113,100167
2023-12-07 00:00:00+00:00,4.017349659940828,4.04382780221651,4.009358018317406,4.0265295939438515,100007
2023-12-08 00:00:00+00:00,4.077775164651931,4.085291509210491,4.059271669577036,4.071115780289777,99432
2023-12-11 00:00:00+00:00,4.073309841922248,4.0753766592220035,4.055844891461367,4.0686377096229185,99996
2023-12-12 00:00:00+00:00,4.037416948184393,4.062003658323738,4.03123252167622,4.0513835694275055,99485
2023-12-13 00:00:00+00:00,4.047617819300205,4.0521964135479625,4.037728306206064,4.040708195075852,99879
2023-12-14 00:00:00+00:00,4.02407531844671,4.046579143448903,4.0144848199491205,4.03005263318257,99565
2023-12-15 00:00:00+00:00,4.049505673945661,4.052607376562502,4.025658233341813,4.052537819438413,99773
2023-12-18 00:00:00+00:00,4.009134052698835,4.0119895016867275,4.005103363852916,4.007635036026764,99839
2023-12-19 00:00:00+00:00,4.01333115958062,4.025420630295325,4.007996942642498,4.008628037676506,100190
2023-12-20 00:00:00+00:00,4.02207429275011,4.045485833495745,4.0159251951182755,4.018493981984948,99840
2023-12-21 00:00:00+00:00,4.034016008424354,4.035186701495337,4.03295558405944,4.03441798436467,99733
2023-12-22 00:00:00+00:00,4.039975235980691,4.0533165022260516,4.03474117948337,4.043409249508453,99767
2023-12-25 00:00:00+00:00,4.067620201686582,4.087505242614524,4.057263426444588,4.064269449743761,100192
2023-12-26 00:00:00+00:00,4.040036726065769,4.041720221522016,4.026346777651936,4.040993535036439,99950
2023-12-27 00:00:00+00:00,4.017388781868832,4.020528232997422,3.9972473792013443,4.002935347510391,100048
2023-12-28 00:00:00+00:00,4.10609771091636,4.1157434383472475,4.099433628716681,4.101287646859167,100282
2023-12-29 00:00:00+00:00,4.081380348325664,4.0906906093229365,4.072839857053586,4.088931915566375,99868
2024-01-01 00:00:00+00:00,4.077491154803635,4.096005792466323,4.067517812640244,4.081389697846092,99915
2024-01-02 00:00:00+00:00,4.109451042375478,4.130048247506706,4.106507465563894,4.109054993762219,99613
2024-01-03 00:00:00+00:00,4.185488493453699,4.190958402215617,4.165177568803338,4.17463918052803,99660
2024-01-04 00:00:00+00:00,4.163624650211706,4.16679869009804,4.151201336029366,4.151907096409483,100296
2024-01-05 00:00:00+00:00,4.1071806406164795,4.11246742344929,4.0994293727511915,4.1104372144095,100497
2024-01-08 00:00:00+00:00,4.051799330029155,4.065152229108643,4.045094734144,4.059379280818527,99969
2024-01-09 00:00:00+00:00,4.1152941670527445,4.141727530928073,4.109281611559175,4.124049504695648,99525
2024-01-10 00:00:00+00:00,4.083297902061476,4.0852296394941,4.0801045309160635,4.081237458662291,99752
2024-01-11 00:00:00+00:00,4.098912235319468,4.104447285155734,4.067556457125064,4.080112835459133,100089
2024-01-12 00:00:00+00:00,4.044594649110715,4.050750117532832,4.025235532275326,4.040238511587952,100070
2024-01-15 00:00:00+00:00,3.9690284465226173,3.990563072806247,3.9602490832149755,3.9817214780057375,100271
2024-01-16 00:00:00+00:00,3.964315317171596,3.9772820498269286,3.9573287909105885,3.970079905775211,100337
2024-01-17 00:00:00+00:00,3.9279415050539748,3.952468488715697,3.9154734914512126,3.9328490257757616,99667
2024-01-18 00:00:00+00:00,3.8992274184545175,3.920070853218691,3.892864583894427,3.905648323984513,99756
2024-01-19 00:00:00+00:00,3.9809089963083704,4.023388278693255,3.957577007137213,3.9839997340991635,99795
2024-01-22 00:00:00+00:00,4.003883437944485,4.017778058374184,3.9975464588955463,4.00092759375959,100154
2024-01-23 00:00:00+00:00,4.043702960711171,4.044596441461094,4.01243405443338,4.038195014794885,100136
2024-01-24 00:00:00+00:00,4.0803865983446554,4.089055568140579,4.070028214789886,4.071496376150893,100262
2024-01-25 00:00:00+00:00,4.0716540997489155,4.083956701174339,4.0642317390511735,4.067389827322779,100063
2024-01-26 00:00:00+00:00,4.0336780860753185,4.0610351365865105,4.032781925388343,4.049504767504582,100024
2024-01-29 00:00:00+00:00,4.051000949974666,4.067866160555117,4.049880758117089,4.059585386479867,100288
2024-01-30 00:00:00+00:00,4.065138034614592,4.080173985575462,4.055703041372549,4.06642378931946,100232
2024-01-31 00:00:00+00:00,4.044484741961717,4.060920714943741,4.029358357451987,4.043293750520912,99787
2024-02-01 00:00:00+00:00,4.055518859792904,4.068176703762209,4.042454829734385,4.048543879735366,99944
2024-02-02 00:00:00+00:00,4.020295007893519,4.02419542399683,4.007225874130601,4.01994781162416,99903
2024-02-05 00:00:00+00:00,4.0134622743204575,4.014065379085269,3.9836197568489133,4.013055292293507,100568
2024-02-06 00:00:00+00:00,4.001502369828545,4.0081751525530525,3.9943961464147955,3.9996001810752038,100513
2024-02-07 00:00:00+00:00,3.9468362651985545,3.949636604252224,3.9426606448045254,3.94885035056373,99683
2024-02-08 00:00:00+00:00,3.8566766905739884,3.8717950097236464,3.847085035402152,3.8560066312229417,100350
2024-02-09 00:00:00+00:00,3.828397189195069,3.8340759379202476,3.806896141658958,3.8197962900338895,100368
2024-02-12 00:00:00+00:00,3.8880568028761626,3.90043024704803,3.8785506503225244,3.888709413080085,100501
2024-02-13 00:00:00+00:00,3.8764325391224013,3.8841869130398416,3.8662344058788207,3.8766667884714288,99619
2024-02-14 00:00:00+00:00,3.9064860689953957,3.9204133570816433,3.8959127962206934,3.9067484884540122,100615
2024-02-15 00:00:00+00:00,3.833676489747149,3.841583178686831,3.8128252199845334,3.823751759938178,99382
2024-02-16 00:00:00+00:00,3.776809002517497,3.7893012197679363,3.772467226496655,3.7851974036691804,99864
2024-02-19 00:00:00+00:00,3.7471890642343015,3.754770431120465,3.725431992886154,3.733927297839812,100224
2024-02-20 00:00:00+00:00,3.7176062860554002,3.7283410570618583,3.7077609291227875,3.7263735625396364,99720
2024-02-21 00:00:00+00:00,3.8116308448831346,3.8168536838815186,3.790159262854682,3.816624671262782,99368
2024-02-22 00:00:00+00:00,3.8399012007631907,3.8616235462591177,3.8241259172710587,3.8341902643167773,100117
2024-02-23 00:00:00+00:00,3.9072381034547927,3.9287706952636237,3.8911580481299977,3.8992032749882606,99804
2024-02-26 00:00:00+00:00,3.878365062084666,3.9013979010348097,3.8538027015595477,3.8892822697695686,99525
2024-02-27 00:00:00+00:00,3.9337502312201225,3.95515321406944,3.928682019015808,3.942365892332429,99932
2024-02-28 00:00:00+00:00,4.0263373927952095,4.047725123610447,3.9966264340480775,4.02410125759719,99868
2024-02-29 00:00:00+00:00,4.038547861482234,4.047265303452416,4.009693255724565,4.019700135620345,99575
2024-03-01 00:00:00+00:00,4.007988486592642,4.016258199262434,3.9813151844449424,3.9980233112917856,99753
2024-03-04 00:00:00+00:00,3.9433792699314507,3.9523396678121525,3.940847220134187,3.945336922832167,99729
2024-03-05 00:00:00+00:00,3.914113890467494,3.937072699715357,3.9039688092950784,3.9331434543367294,100384
2024-03-06 00:00:00+00:00,3.937007319190738,3.9573524520859547,3.907721813229838,3.936364568056709,99635
2024-03-07 00:00:00+00:00,4.0192204994168055,4.028824735176788,4.008545359160739,4.016310306643707,100117
2024-03-08 00:00:00+00:00,3.961265896655999,3.9697910702931902,3.9473295154082404,3.9643001334537322,99970
2024-03-11 00:00:00+00:00,3.9599162353018356,3.9743098723988943,3.9551777822203618,3.9666653099851823,99971
2024-03-12 00:00:00+00:00,3.895937580289549,3.9155136895050275,3.89397662273128,3.8946977791177764,99641
2024-03-13 00:00:00+00:00,3.87076833441979,3.883370333087028,3.868760258194806,3.8780766567009004,100237
2024-03-14 00:00:00+00:00,3.9047210301957365,3.917452193849754,3.8874531697593158,3.8901528073667464,99911
2024-03-15 00:00:00+00:00,3.9219543019307306,3.927191090851033,3.896298503809044,3.9100930752711496,100126
2024-03-18 00:00:00+00:00,3.938299730402855,3.963294875243478,3.925012075589975,3.9331244259199774,100891
2024-03-19 00:00:00+00:00,3.9494633110916513,3.9646194844948726,3.9438197377685253,3.9487548210070407,100079
2024-03-20 00:00:00+00:00,3.9664303469279543,3.9804305741608395,3.965079844670731,3.971674260348774,100335
2024-03-21 00:00:00+00:00,3.973325674191491,3.983854494773876,3.9666884550743884,3.97349086956228,100173
2024-03-22 00:00:00+00:00,3.9447449515571233,3.965381296768444,3.9216021297090307,3.9318539975685884,99942
2024-03-25 00:00:00+00:00,3.8657539073261544,3.88329425222171,3.8502535690466146,3.859049549220877,100717
2024-03-26 00:00:00+00:00,3.8395161179181247,3.84842313589528,3.8336853987340063,3.837952595300482,99886
2024-03-27 00:00:00+00:00,3.8398689107977946,3.8457374470893777,3.8265858643432047,3.8327861187935564,100148
2024-03-28 00:00:00+00:00,3.8850815052771934,3.8932725449869734,3.8749522753358736,3.8808466426548365,100730
2024-03-29 00:00:00+00:00,3.8800151363515893,3.89103752814907,3.871671844703876,3.876942445922083,99937
2024-04-01 00:00:00+00:00,3.8769098067514305,3.879000992739627,3.868589520960826,3.869321577598997,100260
2024-04-02 00:00:00+00:00,3.8882553796467993,3.8938747761314656,3.872876949877111,3.884238861905384,99718
2024-04-03 00:00:00+00:00,3.880402580505205,3.8812861600803954,3.8667347234549228,3.873750951357001,99834
2024-04-04 00:00:00+00:00,3.9064098108097784,3.9075236298567737,3.891414002538779,3.9051493297523563,100120
2024-04-05 00:00:00+00:00,3.980421178922554,3.993756810414294,3.978688088618397,3.9824452632842373,99184
2024-04-08 00:00:00+00:00,4.065230388950811,4.091816659905313,4.048601990696605,4.069692097223639,99969
2024-04-09 00:00:00+00:00,4.068204591954889,4.0915253743595335,4.064818440055571,4.0736413519617045,100011
2024-04-10 00:00:00+00:00,4.074243303225513,4.092420236206748,4.070813147113332,4.08736513864154,99849
2024-04-11 00:00:00+00:00,4.144326188638499,4.156590273400565,4.113695256732795,4.151898753294994,99648
2024-04-12 00:00:00+00:00,4.137871540761705,4.160029231205503,4.131284440333948,4.145672481935947,100073
2024-04-15 00:00:00+00:00,4.169594418907208,4.191210517305682,4.16730919221257,4.173829563663169,99877
2024-04-16 00:00:00+00:00,4.139342959554494,4.14104905514965,4.111818805025691,4.126449914575424,100068
2024-04-17 00:00:00+00:00,4.112326991746111,4.120168819920637,4.109667977811837,4.113623292806964,100322
2024-04-18 00:00:00+00:00,4.16319356478443,4.185236097406469,4.1519984906622325,4.161181492968831,100071
2024-04-19 00:00:00+00:00,4.13355439791835,4.134362633053011,4.116546861902489,4.13129606917235,100054
2024-04-22 00:00:00+00:00,4.139106632272044,4.152348877880601,4.12437549947867,4.126005895858962,100180
2024-04-23 00:00:00+00:00,4.056378945948951,4.065737950268822,4.056368928451023,4.061053913068238,100323
2024-04-24 00:00:00+00:00,4.140665645330186,4.15872276921117,4.121119096230584,4.142509244879504,99605
2024-04-25 00:00:00+00:00,4.193939322752093,4.199509424710895,4.178343684476773,4.1948302994370925,100121
2024-04-26 00:00:00+00:00,4.2122738342900865,4.2257251773899815,4.200883780573013,4.202720757031178,99565
2024-04-29 00:00:00+00:00,4.235405245446744,4.236943224758003,4.211305337137824,4.224050105850788,99881
2024-04-30 00:00:00+00:00,4.24479824479199,4.265440189910386,4.231362054722289,4.24077304025619,99971
2024-05-01 00:00:00+00:00,4.310080294711905,4.32329048610868,4.27136279237163,4.299478559871817,100054
2024-05-02 00:00:00+00:00,4.278692636867376,4.301493348730556,4.271664623110516,4.2771728632814545,99911
2024-05-03 00:00:00+00:00,4.307005895365062,4.32847542222272,4.295269592337089,4.308493215207622,100305
2024-05-06 00:00:00+00:00,4.3651801151461775,4.367515552694755,4.349194909379796,4.354913631960195,100251
2024-05-07 00:00:00+00:00,4.412138709736052,4.415471444023008,4.398346572983423,4.407840028321227,100004
2024-05-08 00:00:00+00:00,4.3019128732881065,4.313708018202292,4.296542088251164,4.308250574115458,100236
2024-05-09 00:00:00+00:00,4.290975103305099,4.291826512818624,4.256610169787823,4.282432327965073,100486
2024-05-10 00:00:00+00:00,4.23701952407846,4.2611683878836075,4.227925035824895,4.238787035801318,100251
2024-05-13 00:00:00+00:00,4.242318988414129,4.245957708459492,4.24075502304626,4.245127764657165,99777
2024-05-14 00:00:00+00:00,4.166973689249161,4.179907993520491,4.156146466895182,4.159544706064686,100562
2024-05-15 00:00:00+00:00,4.0737322220807135,4.084075342888073,4.070448770081532,4.074456107398311,100207
2024-05-16 00:00:00+00:00,4.166114047387947,4.1822728256396555,4.162699837979534,4.162875675331159,100414
2024-05-17 00:00:00+00:00,4.194134502764455,4.19627012024314,4.180378374254635,4.188589316624276,99824
2024-05-20 00:00:00+00:00,4.1870911060026685,4.220371336371269,4.186437121631761,4.1936578968570295,99562
2024-05-21 00:00:00+00:00,4.212148685646856,4.2185218880064435,4.191716070263366,4.208909083571839,100244
2024-05-22 00:00:00+00:00,4.226444682997748,4.2349984219823735,4.207790920482599,4.215068440004501,99985
2024-05-23 00:00:00+00:00,4.248963885953105,4.259285928502479,4.242608672117982,4.257107452764982,99224
2024-05-24 00:00:00+00:00,4.233990018357637,4.239941144469303,4.227575373103655,4.230183623930047,100166
2024-05-27 00:00:00+00:00,4.231047076202514,4.248169118954356,4.2173988864384215,4.238077773742437,100049
2024-05-28 00:00:00+00:00,4.256393278650332,4.262564411223847,4.247328943976266,4.2477160639516685,99695
2024-05-29 00:00:00+00:00,4.211755091558365,4.229848913632007,4.189234340612251,4.203248510283477,99523
2024-05-30 00:00:00+00:00,4.2539066356512585,4.258668007555512,4.235948202745172,4.256923281690117,99862
2024-05-31 00:00:00+00:00,4.25667976142878,4.273639331769537,4.2305477240737375,4.237951164788177,100239
2024-06-03 00:00:00+00:00,4.290544076902002,4.310002722366315,4.271463131970438,4.28106899829465,100391
2024-06-04 00:00:00+00:00,4.292048270387493,4.320463410262614,4.284306853145412,4.2859884913984345,100258
2024-06-05 00:00:00+00:00,4.361671876318281,4.364594210032809,4.339814364725066,4.356003749312717,100331
2024-06-06 00:00:00+00:00,4.319123948990537,4.324754944224245,4.2912740278599095,4.310641237172161,99579
2024-06-07 00:00:00+00:00,4.255390575111953,4.273748359457549,4.25038682727561,4.263881176950397,100639
2024-06-10 00:00:00+00:00,4.226907929848697,4.230978264265348,4.220916042819392,4.225263393125095,100535
2024-06-11 00:00:00+00:00,4.234137958165528,4.2526749673794955,4.219913634367608,4.230895481225644,100501
2024-06-12 00:00:00+00:00,4.292675338122049,4.304519987735113,4.281434380297601,4.296113397927145,100559
2024-06-13 00:00:00+00:00,4.36861175487418,4.374621917666719,4.3596206165496065,4.3645545062986635,100401
2024-06-14 00:00:00+00:00,4.274237903031568,4.2922633850749365,4.254639375156855,4.263734667654143,99838
2024-06-17 00:00:00+00:00,4.270775914467199,4.300321023106769,4.2630178844802735,4.2743815184548035,100207
2024-06-18 00:00:00+00:00,4.136597311285439,4.140380460926253,4.134631398774262,4.137047623130423,100244
2024-06-19 00:00:00+00:00,4.16309488667697,4.175102441849926,4.151976993249182,4.169938467058338,100021
2024-06-20 00:00:00+00:00,4.20149553140315,4.2203334608213225,4.192509560858479,4.2165654436169335,99806
2024-06-21 00:00:00+00:00,4.221434710887018,4.227893989448335,4.209354823596025,4.214868517437229,100355
2024-06-24 00:00:00+00:00,4.218191119203599,4.224215778471586,4.206308349812323,4.218408230507503,100311
2024-06-25 00:00:00+00:00,4.221916334038356,4.252915693195253,4.215349921992781,4.221514619628148,99999
2024-06-26 00:00:00+00:00,4.180133285503788,4.189630248154078,4.173305773481166,4.188399289345995,99733
2024-06-27 00:00:00+00:00,4.204920217304953,4.208246042364922,4.184966767196942,4.206480851390465,100743
2024-06-28 00:00:00+00:00,4.20595097088404,4.212116830285264,4.18089723548441,4.196746718112335,100065
2024-07-01 00:00:00+00:00,4.235795662908925,4.24244345294569,4.2312690776006985,4.235788704890818,100391
2024-07-02 00:00:00+00:00,4.2312226595755416,4.241009938546789,4.220432255877909,4.230975708032739,100329
2024-07-03 00:00:00+00:00,4.196287003384537,4.196384881079617,4.1933486987003885,4.194546029556672,100454
2024-07-04 00:00:00+00:00,4.11991065727046,4.150101317249399,4.10460580867909,4.130123478985519,99996
2024-07-05 00:00:00+00:00,4.058201074367852,4.059947194769078,4.026398747926327,4.053135299982383,99923
2024-07-08 00:00:00+00:00,4.096024556436514,4.12926882955814,4.091805380620792,4.106333079517768,99716
2024-07-09 00:00:00+00:00,4.079853301255641,4.101278879325634,4.076994265734519,4.087534723886807,100056
2024-07-10 00:00:00+00:00,4.092767616995474,4.109793402614089,4.080771926202793,4.101374061472513,99509
2024-07-11 00:00:00+00:00,4.173048032611206,4.186110109067882,4.162506051207837,4.1745109897089465,99666
2024-07-12 00:00:00+00:00,4.148090586959124,4.159249845774213,4.116745570036412,4.151016661048358,100111
2024-07-15 00:00:00+00:00,4.12495985963491,4.126349944604899,4.124926007457701,4.124969966127368,99355
2024-07-16 00:00:00+00:00,4.112059894842512,4.131988241973041,4.1071920449174,4.1195183335360035,100265
2024-07-17 00:00:00+00:00,4.129017570135405,4.154075043721626,4.115826666918546,4.12073081902586,99875
2024-07-18 00:00:00+00:00,4.205515078300406,4.2095074034142925,4.196072499556957,4.198511729240791,100120
2024-07-19 00:00:00+00:00,4.262770520993173,4.274413946530353,4.261681262587494,4.2642528905427,100133
2024-07-22 00:00:00+00:00,4.286623504918954,4.304823240120581,4.275522700605599,4.290728588412172,100019
2024-07-23 00:00:00+00:00,4.347875206882493,4.353102262483443,4.338294282749937,4.352918999362903,100469
2024-07-24 00:00:00+00:00,4.342466010063486,4.354280669018526,4.320905116287642,4.34516127010436,100509
2024-07-25 00:00:00+00:00,4.345955466250786,4.381666262014052,4.3349036326269506,4.35816045301171,100491
2024-07-26 00:00:00+00:00,4.336680978658758,4.352534019220807,4.318505232823695,4.34502000459499,100409
2024-07-29 00:00:00+00:00,4.296331272523335,4.343441660019195,4.288695861615453,4.288953240238936,100145
2024-07-30 00:00:00+00:00,4.343206951611009,4.349544451945266,4.340213717827819,4.34058686498551,99665
2024-07-31 00:00:00+00:00,4.377928565466025,4.39610689367186,4.348337032650458,4.363665710394368,100334
2024-08-01 00:00:00+00:00,4.361842729191752,4.374926421185288,4.345758063994377,4.364454376356834,99915
2024-08-02 00:00:00+00:00,4.36119113010306,4.366241655288529,4.354152754089935,4.364346668199527,100017
2024-08-05 00:00:00+00:00,4.295103432685767,4.303175979287629,4.267429610019671,4.298610229665193,99517
2024-08-06 00:00:00+00:00,4.25387526879056,4.2599299572767375,4.2363282421353405,4.256592375001836,99774
2024-08-07 00:00:00+00:00,4.265263848640161,4.284711512957148,4.262057931803184,4.270901045209237,100231
2024-08-08 00:00:00+00:00,4.250605646953503,4.258723432928343,4.242396756224123,4.248303166772276,100256
2024-08-09 00:00:00+00:00,4.239300804175584,4.246610379532101,4.2222385159214255,4.239054056747757,99987
2024-08-12 00:00:00+00:00,4.230299043709972,4.237177358419406,4.214683198633327,4.234617629588106,100373
2024-08-13 00:00:00+00:00,4.21624164500343,4.232518009738246,4.200490817896375,4.205717686778875,100408
2024-08-14 00:00:00+00:00,4.180808347621799,4.184775222457588,4.151172466380694,4.16500977480005,100208
2024-08-15 00:00:00+00:00,4.107415850154468,4.110993038896532,4.096576324461823,4.097854921867274,100334
2024-08-16 00:00:00+00:00,4.096418335755378,4.119836412625109,4.066772538572056,4.091850815359364,100036
2024-08-19 00:00:00+00:00,4.123436015061351,4.136501089629529,4.1128701291878915,4.117163354258638,100155
2024-08-20 00:00:00+00:00,4.064527332187736,4.065465332698477,4.037812166198198,4.049492251677075,100791
2024-08-21 00:00:00+00:00,4.05467477039847,4.090359221527799,4.0438787472200906,4.0485184368629605,100465
2024-08-22 00:00:00+00:00,4.055148980525286,4.0648398405054875,4.040236676141384,4.0599005732821745,99630
2024-08-23 00:00:00+00:00,4.022878247843,4.023947264933195,3.998983000450695,4.019724592798087,99989
2024-08-26 00:00:00+00:00,4.081997035886202,4.088689530688382,4.05972356469848,4.07689077694135,100164
2024-08-27 00:00:00+00:00,4.053086159520242,4.074590577373205,4.051089954370541,4.061165582635778,100396
2024-08-28 00:00:00+00:00,4.054741300006355,4.0614172005324205,4.04382642484355,4.0570532590190975,100066
2024-08-29 00:00:00+00:00,4.0594247666970364,4.059846883124263,4.045336713507474,4.050510469489283,99967
2024-08-30 00:00:00+00:00,3.9642744947864386,3.982409996212715,3.9607581958515117,3.9787850661111936,99607
2024-09-02 00:00:00+00:00,4.0088703954587634,4.033058951419545,4.004257382701849,4.018921142893446,100143
2024-09-03 00:00:00+00:00,3.9791152136170673,3.9913117655325823,3.9667047631627965,3.9805195970851304,99796
2024-09-04 00:00:00+00:00,3.9739138491335404,3.9771911610765405,3.958756550607971,3.971104851618278,99741
2024-09-05 00:00:00+00:00,3.983991551654004,4.01227204380538,3.971909186150569,3.994838596636259,100413
2024-09-06 00:00:00+00:00,4.052171526343512,4.061791567048073,4.044662622186115,4.053199330563462,99749
2024-09-09 00:00:00+00:00,4.018679425213612,4.022258693984452,4.003319687062786,4.00942752254308,99536
2024-09-10 00:00:00+00:00,3.9920741349422344,4.0201620240014275,3.978513170137398,3.99152608677862,99917
2024-09-11 00:00:00+00:00,4.05430612016147,4.0600760999579055,4.045294608229584,4.0467056870238425,99860
2024-09-12 00:00:00+00:00,4.060656377579715,4.071644616163822,4.04774850337785,4.065470822948001,99767
2024-09-13 00:00:00+00:00,4.08612751279223,4.102611943275491,4.073578841345985,4.0927570987222275,99825
2024-09-16 00:00:00+00:00,4.0566122612183655,4.0635258670190755,4.036082541624643,4.049736829989326,100325
2024-09-17 00:00:00+00:00,4.037359356851781,4.056313740699063,4.027750877517965,4.034379841993061,99822
2024-09-18 00:00:00+00:00,4.018058489495316,4.044190758133208,4.017086725688204,4.027608723141384,99994
2024-09-19 00:00:00+00:00,3.9866604736819795,4.006269811559869,3.979955410480676,3.993056079059266,99886
2024-09-20 00:00:00+00:00,3.9384752599384214,3.967443288492513,3.924978366858992,3.9261895748232143,99654
2024-09-23 00:00:00+00:00,3.898923537482968,3.9118806453692287,3.886291222082451,3.906146433629415,100470
2024-09-24 00:00:00+00:00,3.9664450165210186,3.9918294477163228,3.9448863047918126,3.9590469138385465,99912
2024-09-25 00:00:00+00:00,3.9576010514638034,3.9776551371890267,3.952707597815219,3.961389619100631,99924
2024-09-26 00:00:00+00:00,4.015805129281364,4.028185262371533,4.006748562292438,4.01583063668717,100341
2024-09-27 00:00:00+00:00,4.025390117308754,4.03142489691065,4.022553740926666,4.023019813406877,99726
2024-09-30 00:00:00+00:00,3.9754801624712206,4.002288960785059,3.9673143565537994,3.9922554699308987,100285
2024-10-01 00:00:00+00:00,4.031432988125431,4.0550031910698605,4.010049284986701,4.043261284871519,99895
2024-10-02 00:00:00+00:00,4.052545801740519,4.0585972067005835,4.039020420380612,4.051846185514806,100112
2024-10-03 00:00:00+00:00,4.084892394116406,4.1068811430331795,4.06482223506045,4.090818415557315,99410
2024-10-04 00:00:00+00:00,4.055181608311826,4.055801050242652,4.044119437623063,4.047115049994528,99768
2024-10-07 00:00:00+00:00,4.076019358587795,4.091890727810532,4.073422583060741,4.089154712124281,99971
2024-10-08 00:00:00+00:00,4.13753549199844,4.143392313598659,4.1293592532220424,4.132863248302588,100198
2024-10-09 00:00:00+00:00,4.133430497541289,4.148290177617871,4.132790327233905,4.1448389281173545,100147
2024-10-10 00:00:00+00:00,4.108498023152289,4.115458967993579,4.103200378846449,4.111393307385134,99777
2024-10-11 00:00:00+00:00,4.100753579010072,4.120720969177491,4.094271166831424,4.109501703480637,100131
2024-10-14 00:00:00+00:00,4.150354383217283,4.15527219558791,4.13337230385094,4.134622723589619,99637
2024-10-15 00:00:00+00:00,4.1332187371083435,4.147643546388049,4.118695413971123,4.144321308936644,99875
2024-10-16 00:00:00+00:00,4.168214318534105,4.177987257470694,4.165041584213699,4.169232108936384,99762
2024-10-17 00:00:00+00:00,4.196890073986933,4.221382927962564,4.165932865270111,4.211434990339644,100130
2024-10-18 00:00:00+00:00,4.197511687218414,4.207295976294263,4.178931163872044,4.184126081085852,99454
2024-10-21 00:00:00+00:00,4.139115505405673,4.144786105112246,4.1183098223171966,4.135796260772994,99964
2024-10-22 00:00:00+00:00,4.135376292703873,4.136270164837065,4.133052387015603,4.1342437324295025,99960
2024-10-23 00:00:00+00:00,4.132761487802833,4.149800594217072,4.1058435583809105,4.12061134655081,100052
2024-10-24 00:00:00+00:00,4.154217511759113,4.1566201127341245,4.1529578488338945,4.1529930230177845,100009
2024-10-25 00:00:00+00:00,4.110173340247517,4.11668741010782,4.1012418349249025,4.108369179862816,99868
2024-10-28 00:00:00+00:00,4.151383630651773,4.155090515706937,4.131578728571187,4.1502902342984385,100026
2024-10-29 00:00:00+00:00,4.211210886199691,4.212202495281573,4.187018045607248,4.206469065491239,99731
2024-10-30 00:00:00+00:00,4.2023390021882285,4.207098697312039,4.1900411980466385,4.2064818937185935,100273
2024-10-31 00:00:00+00:00,4.20723286154154,4.21274035802142,4.205577491625707,4.2090367478441175,99984
2024-11-01 00:00:00+00:00,4.183499532158625,4.18721407276877,4.171083487912735,4.176730433550548,99914
2024-11-04 00:00:00+00:00,4.156369401144759,4.1730780047093505,4.144595470806587,4.15406495063212,100329
2024-11-05 00:00:00+00:00,4.136157102163046,4.141733860500836,4.133229635417867,4.137102379700843,100200
2024-11-06 00:00:00+00:00,4.1850428676402185,4.2182931276031965,4.176034179730288,4.196798287585023,99888
2024-11-07 00:00:00+00:00,4.206347008360581,4.240958471234581,4.181297927043991,4.193782015676842,99697
2024-11-08 00:00:00+00:00,4.132858329310358,4.142397245940477,4.125010068138295,4.13833296400513,100263
2024-11-11 00:00:00+00:00,4.157092274820943,4.1734691787532805,4.137155669075668,4.14890037691977,100358
2024-11-12 00:00:00+00:00,4.18465275015538,4.20228843573598,4.164541227340636,4.183182331014675,100404
2024-11-13 00:00:00+00:00,4.171300598243624,4.1939783242336945,4.170862212497942,4.182119327103145,99974
2024-11-14 00:00:00+00:00,4.25419180755535,4.2567191448812025,4.208079472957766,4.243563586322364,99718
2024-11-15 00:00:00+00:00,4.278734776509755,4.282414721435837,4.274003923803589,4.27655766100696,99937
2024-11-18 00:00:00+00:00,4.2429926039672,4.2592158161424845,4.231279413995839,4.231691065935116,99568
2024-11-19 00:00:00+00:00,4.206820851329438,4.2334818846461495,4.203883143645316,4.208356132878302,99869
2024-11-20 00:00:00+00:00,4.223815742799148,4.234609357553952,4.2136206368801075,4.2178765404668175,99724
2024-11-21 00:00:00+00:00,4.132978225039796,4.150757973412311,4.127065050001601,4.14759873547631,99712
2024-11-22 00:00:00+00:00,4.157386117149019,4.162785274752371,4.146923586938228,4.161549463266331,100154
2024-11-25 00:00:00+00:00,4.07783173383515,4.089558057839203,4.063558752611662,4.088240339219921,100048
2024-11-26 00:00:00+00:00,4.12698498346003,4.1382195777074875,4.111671615333843,4.130080758595382,100108
2024-11-27 00:00:00+00:00,4.171484494296396,4.188933885502711,4.148171792660592,4.1675518944787635,100350
2024-11-28 00:00:00+00:00,4.183524244736179,4.200529907480727,4.172064822082976,4.188588919648556,100120
2024-11-29 00:00:00+00:00,4.167466801876929,4.171493164974923,4.148876662442059,4.160279153368993,100587
2024-12-02 00:00:00+00:00,4.160220439354314,4.172355310349262,4.1550946902381405,4.167360065999835,100387
2024-12-03 00:00:00+00:00,4.153306099007855,4.166566889416531,4.13119925202954,4.145965777597317,99717
2024-12-04 00:00:00+00:00,4.113976994902051,4.119709434712352,4.097164742501523,4.103228528963992,100090
2024-12-05 00:00:00+00:00,4.097618412959709,4.1169230125212986,4.075803342269271,4.089329129065116,99802
2024-12-06 00:00:00+00:00,4.115048844208816,4.119257489366968,4.1059429806178915,4.117883505047111,99306
2024-12-09 00:00:00+00:00,4.1021753122823545,4.134886670040557,4.077805974643302,4.1196877224666,100130
2024-12-10 00:00:00+00:00,4.184318719651054,4.185747501215634,4.177311088432004,4.17945244109977,100288
2024-12-11 00:00:00+00:00,4.210403033099635,4.21236165149894,4.202687410567061,4.211457874550545,100447
2024-12-12 00:00:00+00:00,4.230903157205894,4.254782769566429,4.230252738200177,4.239198360701714,99540
2024-12-13 00:00:00+00:00,4.1663523008742605,4.1984453106493955,4.164470088651121,4.170992772792721,100330
2024-12-16 00:00:00+00:00,4.17103066442282,4.190555677953502,4.157394967569144,4.159098831108943,100187
2024-12-17 00:00:00+00:00,4.105470606265565,4.125658311561788,4.1051774299938435,4.114830530627928,99541
2024-12-18 00:00:00+00:00,4.111147245074301,4.118415137960215,4.095819135294439,4.107300272265235,99698
2024-12-19 00:00:00+00:00,4.080603366799551,4.086809336396355,4.075371989348555,4.078825340139789,100511
2024-12-20 00:00:00+00:00,4.060519058762988,4.067022424026916,4.043359346624648,4.063423493628839,99723
2024-12-23 00:00:00+00:00,4.111836631830365,4.123099559074627,4.097711991471767,4.1065430294017515,99264
2024-12-24 00:00:00+00:00,4.139528853930104,4.1441955368856425,4.124587869729139,4.126059372233577,100112
2024-12-25 00:00:00+00:00,4.165146521842448,4.173115394757469,4.1369124099790735,4.16761351151969,100157
2024-12-26 00:00:00+00:00,4.098908702922788,4.125026934490678,4.089452624620394,4.100903225991726,99438
2024-12-27 00:00:00+00:00,4.108385726048257,4.108863185495408,4.078006704297254,4.103280712195497,100129
2024-12-30 00:00:00+00:00,4.150555794533967,4.15572167878323,4.1346251316298614,4.142947331240976,99946
2024-12-31 00:00:00+00:00,4.204278270032936,4.206408465987643,4.18797228001811,4.205352377647386,99861
